timestamp,x,y,theta
1778096748.896085,0.0,-0.0,0.0
1778096749.0223792,0.0002165856256644016,0.000256725010255504,-6.273871401480636
1778096749.138027,0.0002814392589277998,0.0004039361542827651,-6.2745817757561575
1778096749.245044,0.0005141301503299028,-8.09599924416723e-05,-0.00041271344118998243
1778096749.352954,0.00041533972414021467,4.155307098083732e-06,-0.010147861816824921
1778096749.5288143,0.00014901351354395267,0.00019092161128637044,-6.274612878185199
1778096749.6670837,0.0002681652794699847,-8.641181239128266e-05,-0.010500120994848317
1778096749.7984552,0.0002053956883433808,0.000425920240363078,-6.274276408739723
1778096749.9224906,0.000332105592451844,0.00019413206372320728,-0.00025605848823806454
1778096750.038037,0.00031914606823286047,0.0002116529383963881,-0.0005402367209286218
1778096750.1690822,-2.6179344336204154e-05,0.00042763107770211366,-0.0009510417885114641
1778096750.3427558,0.00046660123847634623,-8.843199799818788e-05,-0.010521493887691857
1778096750.4747007,0.0002029650390476427,-7.988609725678608e-06,-0.0002897484001991302
1778096750.5886216,0.0005777104012949218,2.1451575836707143e-05,-0.00948849465540924
1778096750.7058437,0.0005777104012949218,2.1451575836707143e-05,-0.00948849465540924
1778096750.827407,0.0010185545911815077,0.00019945005018414717,-1.7892478876735396e-05
1778096750.9368982,0.03217564973322743,0.00048037373486570765,-0.019872265415618262
1778096751.034463,0.0580222258932583,-0.0010043357151077166,-0.020120723938922502
1778096751.1482022,0.06644065082799401,-0.0013379566773090222,-0.019965808682404607
1778096751.2548878,0.11158357484972455,-0.0028683351564501216,-0.0296690200036811
1778096751.3774252,0.15200146553515304,-0.004171083046553674,-0.03875030470393437
1778096751.521464,0.1824564766627225,-0.006343276182757295,-0.057311788301141586
1778096751.644888,0.23065131067017278,-0.00890177365120912,-0.06724673077852339
1778096751.8612826,0.3028838340819901,-0.014334281542488045,-0.0669005905376765
1778096751.966178,0.3202910952128383,-0.015005230857893551,-0.06796400213261133
1778096752.0783918,0.35266515659896003,-0.017792713741781197,-0.08831164662161273
1778096752.2177792,0.3780227203200264,-0.020057609068743702,-0.07649536817682767
1778096752.3448064,0.410075713798029,-0.02284432074903661,-0.07946332543298729
1778096752.467203,0.41087529208056417,-0.022875619346527386,-0.07946041040297169
1778096752.5837238,0.41065323390187847,-0.02261106250967982,-0.08985249966376507
1778096752.6825848,0.41065323390187847,-0.02261106250967982,-0.08985249966376507
1778096752.7953937,0.410830935206676,-0.022362184917740432,-0.07943230576154914
1778096752.9352214,0.41329215302164907,-0.01862810212936564,-6.231658390177527
1778096753.0484757,0.4143404282546706,-0.008013935029616356,-5.859714331573688
1778096753.1510582,0.40879493337855893,0.005745562778019277,-5.398842362376815
1778096753.253846,0.40179718458153085,0.009495274284179442,-5.14176263382382
1778096753.3550832,0.3926893814941008,0.01228925728710253,-4.841378546864106
1778096753.460542,0.3911545460887692,0.012646079626909229,-4.783097571948918
1778096753.5638204,0.3907808357037098,0.012168650695325248,-4.778099438615805
1778096753.670215,0.39115572248332964,0.012409094477202388,-4.7849286744936625
1778096753.76903,0.39061687115249843,0.01195104296189374,-4.771634512705594
1778096753.869546,0.3907131930765905,0.012000385371598346,-4.777386042775285
1778096753.9882185,0.3916215614575977,0.022826696442959402,-4.791041172819574
1778096754.1887925,0.3956138920530651,0.06865066156262113,-4.804665232314031
1778096754.8560023,0.4157635009340026,0.2831244267355842,-4.831078340335272
1778096755.042277,0.42034107923240105,0.3282435589985447,-4.8318586204374405
1778096755.3028884,0.4302285550609078,0.42250252831984314,-4.844159837598536
1778096755.5126,0.4316343743506713,0.4371880396626832,-4.852553384410938
1778096755.635115,0.43161485072013156,0.437348790219074,-4.854184341719136
1778096755.7440724,0.43161485072013156,0.437348790219074,-4.854184341719136
1778096755.8493562,0.43161485072013156,0.437348790219074,-4.854184341719136
1778096755.9466345,0.4289863546156732,0.4394841600467133,-4.787512008374856
1778096756.0428467,0.4265927860417845,0.4396929403296852,-4.720907135083157
1778096756.1411543,0.41606107146921634,0.4407066261521306,-4.391108062865724
1778096756.2312727,0.4060953653632051,0.43658998738712623,-4.030508581858684
1778096756.3364334,0.4037147747049276,0.4351943738536387,-3.953978965840251
1778096756.4413311,0.39848585304998135,0.427558933162942,-3.62242473447181
1778096756.554405,0.4011501465162768,0.4170699583860076,-3.3397017193122096
1778096756.667366,0.4028291114190103,0.4147350552227612,-3.2749247225690814
1778096756.7924602,0.4031496724503929,0.4147281720191771,-3.262733632473381
1778096756.908374,0.40330993799300274,0.4147247452462772,-3.263339236979281
1778096757.01558,0.40330993799300274,0.4147247452462772,-3.263339236979281
1778096757.112661,0.40156390716797163,0.4145977723004065,-3.2566435164682965
1778096757.8942988,0.18751367692328277,0.4433076250139302,-3.3332313830353155
1778096757.9919727,0.17847015556497536,0.4449194682449485,-3.3278255192237514
1778096758.3606114,0.0499018195345934,0.46499427576331437,-3.336651149502252
1778096758.4895954,0.0405039333418246,0.4671258320262649,-3.3280510686744944
1778096759.2700021,-0.025068162236282457,0.4706225750999487,-3.1195413623333392
1778096759.3884327,-0.015353010254987278,0.46444064227503123,-2.8602284076334357
1778096759.5252626,-0.004717140969738649,0.46401946063919686,-2.710185031414095
1778096760.9626737,0.05630233474978388,0.46265885131653534,-1.7327804936602023
1778096761.5519903,0.030222374958004262,0.3134496950724841,-1.8019650741547775
1778096762.3673491,-0.0169400599601361,0.10165807097950551,-1.8163746459582348
1778096762.490329,-0.017184267702514137,0.1015789554577627,-1.8165193493612084
1778096762.603575,-0.017097442480303347,0.10170007635770441,-1.8166005442780926
1778096762.7260857,-0.016915621991007934,0.10168891577036203,-1.823412067684215
1778096762.841282,-0.010549507817280796,0.0986346036642803,-1.6020728471619579
1778096762.9525645,-0.008580688113978593,0.1002986543880487,-1.5273908304411996
1778096763.070724,-0.001391866762847964,0.111583467192743,-1.252639657666789
1778096763.2053344,0.00021882805368775076,0.12634042328801315,-0.986582505328077
1778096763.314076,-0.004548351275190358,0.14071201890043641,-0.7945054485571514
1778096763.429494,-0.011804939717041522,0.15304922048273714,-0.6489009436028024
1778096763.54342,-0.020497776647221064,0.165059571272277,-0.47814920908154157
1778096763.6497314,-0.023079779408857765,0.1675150083133648,-0.44546243367570515
1778096763.7480087,-0.03442479731748522,0.17671885460948902,-0.2998821738492099
1778096763.8537815,-0.043428233062064836,0.18356632703435133,-0.17628678162889777
1778096763.9703534,-0.04259720544851398,0.18339179994523777,-0.18336466325061673
1778096764.093515,-0.04279041944232316,0.18357111168428802,-0.17633090385982175
1778096764.2178578,-0.04293704060716576,0.1834216273607369,-0.17649478117132578
1778096764.334114,-0.042846484224364476,0.18344298696976158,-0.17632262778960106
1778096764.4433453,-0.04287731020607285,0.1833957794083258,-0.1760861409884953
1778096764.5500333,-0.042939075431180786,0.1833740524525258,-0.17643310201629525
1778096764.6569247,-0.04317336627414925,0.18340734098158606,-0.1768285441542714
1778096764.7619755,-0.04282769111449971,0.18320531218456398,-0.18344290937526608
1778096764.8744693,-0.04319065584997339,0.18328497697046842,-0.1771314080653803
1778096764.9771845,-0.04298862723592625,0.1833411787838574,-0.1765932635069385
1778096765.0831707,-0.04299955530415039,0.1832960940750163,-0.17623403223743983
1778096765.1895552,-0.04286499473206066,0.18319106483976735,-0.1837532201951344
1778096765.2942996,-0.043086399658333316,0.1831727676848406,-0.17631891237879582
1778096765.4087596,-0.042865215249029,0.18312576612025114,-0.16758216720806152
1778096765.541111,-0.04276792295732819,0.1833318156700055,-0.1756141690015518
1778096765.6568239,-0.042726998496803996,0.1834477374447891,-0.1758529970216678
1778096765.7707424,-0.0430052573698795,0.1834274664643583,-0.1816061144783978
1778096765.885857,-0.0429480062872793,0.1832241614120696,-0.17457125684830022
1778096766.0078943,-0.04308082589082554,0.18333894454403124,-0.18241906817190667
1778096766.1252189,-0.042953157134886684,0.18320464554404858,-0.18342478559743425
1778096766.232857,-0.04302881314210114,0.18310956661277739,-0.17608055498246022
1778096766.3407943,-0.04248970238477817,0.18337232247887447,-0.17445015774594008
1778096766.4558275,-0.0424228108758967,0.18330776570108617,-0.16664234761774255
1778096766.5692797,-0.04306326752268687,0.1831470406878171,-0.16654074847403333
1778096766.699919,-0.042672504772478796,0.18344475260754242,-0.17535270446376128
1778096766.812297,-0.04241199181257865,0.18327682326830125,-0.16662074109375524
1778096766.9125862,-0.04258678031011386,0.18344227650426925,-0.17471616672620716
1778096767.0177193,-0.04269097199323806,0.18345491537752248,-0.17507809809408448
1778096767.12827,-0.04261044196020271,0.18346657041115522,-0.17598398393717662
1778096767.2369614,-0.04251748169790353,0.18331139062653987,-0.17589924768381193
1778096767.3540754,-0.04272778942628161,0.18350033533274937,-0.1750378264930741
1778096767.4821033,-0.04261044196020271,0.18346657041115522,-0.17598398393717662
1778096767.5886524,-0.04281781376385464,0.18313493626154478,-0.18351437538937576
1778096767.7104468,-0.04299334149796837,0.18329302466111952,-0.16636993399299582
1778096767.824345,-0.04264189321307517,0.1833022055240141,-0.16821308328590412
1778096767.9293752,-0.04284101011095827,0.18369135911397375,-0.1680584068209514
1778096768.0449576,-0.0429411354345033,0.18334400139315726,-0.16885794399598364
1778096768.1495063,-0.04290625642310509,0.183514432806883,-0.16827482534438376
1778096768.247644,-0.043081837261973455,0.18317839266101144,-0.17640065783507142
1778096768.355038,-0.04290265568919738,0.18337387102805577,-0.16836823106353727
1778096768.461005,-0.04252591779343018,0.18336722981915635,-0.17548677565319215
1778096768.6232116,-0.04279868634796849,0.18350574423171193,-0.1685298532762114
1778096768.7493608,-0.04275566281752652,0.18321245568404632,-0.1838015853089101
1778096768.8539398,-0.04293048334228883,0.1833475696457762,-0.1776592344621517
1778096768.951146,-0.042759940689860956,0.1830248271714475,-0.18347931232494918
1778096769.0567522,-0.0429986368791024,0.18338961930080916,-0.17624374551466726
1778096769.1548991,-0.04281494050962809,0.18356360198293267,-0.17637143900479124
1778096769.2526894,-0.04261015934721821,0.18330960110929004,-0.1835408272929837
1778096769.3517504,-0.042630139340943354,0.18334908238856773,-0.1833942231038188
1778096769.4469578,-0.042667305423493326,0.1834665635159074,-0.18371722443326322
1778096769.5458503,-0.04255450728422469,0.18331359570142905,-0.18351138680857737
1778096769.6585886,-0.042648512821494226,0.1833768291880944,-0.1834014594904505
1778096769.790602,-0.0425877921676334,0.18326950552370389,-0.18344042187324172
1778096769.9057512,-0.04294989478287725,0.1834050544892579,-0.17645564475575837
1778096770.003045,-0.042631028474087944,0.1830893478072083,-0.1762978791847032
1778096770.0886257,-0.04278703435739628,0.1832903272940978,-0.17524714277798648
1778096770.1763074,-0.04278703435739628,0.1832903272940978,-0.17621187178272768
1778096770.2633057,-0.042745560424108014,0.18312020568917736,-0.17714091529620113
1778096770.3765256,-0.04275494800486389,0.18331110598415942,-0.16727484077488342
1778096770.4936428,-0.04281905434204025,0.18303407801998114,-0.17710761371805406
1778096770.6079817,-0.04296004360522092,0.1835069007196191,-0.17461852189095683
1778096770.7184258,-0.04276931763506097,0.18313961149563962,-0.16627797226319263
1778096770.8177881,-0.04288974518076682,0.18297225308979384,-0.17423999404418877
1778096770.93149,-0.042560164263993,0.18302910183496926,-0.18268414346472328
1778096771.027381,-0.042631013065201034,0.1831477611173142,-0.18288035816748538
1778096771.1149135,-0.04284574540099518,0.18338883909079684,-0.1758848529051198
1778096771.2018304,-0.04274881697623915,0.1830910727234214,-0.17482444877261605
1778096771.290175,-0.042751946357759536,0.18323276928427196,-0.17579085944417416
1778096771.3866427,-0.04242983141856529,0.18337901972350315,-0.17573527058694927
1778096771.4921265,-0.04283783337303096,0.18315796627465034,-0.1678981572875009
1778096771.604269,-0.04279547240068284,0.18257043274859983,-0.16583630284921647
1778096771.7092128,-0.042901843045224514,0.18350157940592154,-0.1678778815151638
1778096771.816147,-0.04290642864323321,0.18290940794558866,-0.16624477549462124
1778096771.9198816,-0.0426713757558882,0.18334691590044686,-0.17430778834908844
