Tempo,X,Y,Theta,TicksE,TicksD,Gz
0.000,0.000,0.000,0,0
135.54,0.007,0.000,0.000,1,1,0.84
135.59,0.032,-0.000,-0.009,4,5,-11.46
135.64,0.053,-0.000,-0.009,7,8,-0.80
135.69,0.078,-0.001,-0.013,10,12,-3.59
135.74,0.100,-0.001,-0.021,13,15,-9.87
135.79,0.125,-0.002,-0.025,16,19,-3.71
135.84,0.146,-0.002,-0.034,19,22,-10.63
135.89,0.171,-0.003,-0.031,22,26,2.53
135.94,0.196,-0.004,-0.032,26,29,-0.80
135.99,0.221,-0.005,-0.039,29,33,-6.69
136.04,0.249,-0.006,-0.040,33,37,-2.77
136.09,0.285,-0.007,-0.038,38,42,2.23
136.14,0.313,-0.008,-0.046,42,46,-8.99
136.19,0.349,-0.010,-0.060,47,51,-15.89
136.24,0.377,-0.012,-0.071,51,55,-12.96
136.29,0.402,-0.014,-0.066,54,59,5.55
136.34,0.430,-0.016,-0.060,58,63,6.46
136.39,0.459,-0.017,-0.065,62,67,-5.85
136.44,0.487,-0.019,-0.067,66,71,-2.83
136.49,0.516,-0.021,-0.071,70,75,-5.98
136.54,0.548,-0.024,-0.076,74,80,-5.85
136.59,0.573,-0.025,-0.065,78,83,11.93
136.64,0.597,-0.027,-0.065,81,87,1.12
136.69,0.629,-0.029,-0.062,85,92,3.46
136.74,0.654,-0.031,-0.062,89,95,1.68
136.79,0.672,-0.032,-0.073,91,98,-12.69
136.84,0.697,-0.034,-0.080,94,102,-7.59
136.89,0.718,-0.035,-0.075,97,105,6.00
136.94,0.743,-0.037,-0.075,101,108,0.79
136.99,0.768,-0.039,-0.073,104,112,2.10
137.51,0.768,-0.039,-0.073,108,116,0.07
137.56,0.768,-0.039,-0.012,110,118,70.74
137.61,0.764,-0.039,0.099,113,122,126.95
137.66,0.757,-0.040,0.223,115,126,142.88
137.71,0.761,-0.039,0.356,119,129,151.98
137.76,0.764,-0.038,0.494,123,132,157.13
137.81,0.761,-0.040,0.627,126,136,152.20
137.86,0.761,-0.040,0.772,129,139,166.61
137.91,0.763,-0.037,0.903,133,142,149.89
137.96,0.759,-0.043,1.019,135,146,133.36
138.01,0.759,-0.043,1.142,138,149,139.41
138.06,0.759,-0.043,1.259,141,152,135.00
138.11,0.758,-0.046,1.383,143,155,140.30
138.16,0.758,-0.046,1.503,146,158,138.01
138.66,0.758,-0.046,1.504,147,161,0.00
138.71,0.759,-0.032,1.523,148,164,21.54
138.76,0.760,-0.014,1.495,149,168,-31.89
138.81,0.762,0.010,1.485,152,172,-11.00
138.86,0.764,0.035,1.481,155,176,-4.14
138.91,0.767,0.064,1.472,159,180,-10.22
138.96,0.770,0.088,1.467,163,183,-4.70
139.01,0.772,0.113,1.465,166,187,-3.58
139.06,0.775,0.138,1.465,169,191,-1.01
139.11,0.778,0.163,1.467,173,194,3.36
139.16,0.780,0.188,1.465,176,198,-2.01
139.21,0.783,0.216,1.469,180,202,3.48
139.26,0.785,0.237,1.473,183,205,4.43
139.31,0.788,0.266,1.475,187,209,1.77
139.36,0.791,0.294,1.469,191,213,-6.43
139.41,0.794,0.329,1.466,196,218,-2.67
139.46,0.797,0.358,1.463,200,222,-3.61
139.51,0.801,0.386,1.466,204,226,4.68
139.56,0.803,0.414,1.467,208,230,1.62
139.61,0.806,0.439,1.455,211,234,-12.70
139.66,0.809,0.464,1.451,215,237,-4.93
139.71,0.812,0.485,1.453,218,240,1.71
139.76,0.815,0.510,1.450,221,244,-2.16
139.81,0.818,0.538,1.450,225,248,1.02
139.86,0.821,0.563,1.452,229,251,1.37
139.91,0.824,0.588,1.453,232,255,0.10
139.96,0.827,0.616,1.462,236,259,11.78
140.01,0.831,0.648,1.465,241,263,2.94
140.06,0.834,0.676,1.463,245,267,-1.92
140.11,0.837,0.704,1.467,249,271,3.23
140.16,0.840,0.736,1.459,253,276,-8.62
140.67,0.840,0.736,1.461,255,293,0.22
140.72,0.840,0.733,1.518,257,296,67.36
140.77,0.840,0.726,1.609,259,300,105.36
140.82,0.840,0.722,1.732,261,303,141.12
140.87,0.839,0.729,1.853,266,306,138.72
140.92,0.840,0.726,1.980,269,310,144.67
140.97,0.840,0.726,2.119,272,313,159.61
141.02,0.840,0.726,2.268,275,316,170.13
141.07,0.840,0.726,2.405,278,319,158.04
141.12,0.840,0.726,2.535,281,322,149.04
141.17,0.840,0.726,2.654,284,325,134.31
141.22,0.840,0.726,2.775,287,328,137.20
141.27,0.843,0.724,2.881,289,331,122.12
141.32,0.840,0.725,2.988,293,334,123.78
141.37,0.843,0.725,3.090,295,337,116.25
141.87,0.843,0.725,3.091,304,347,0.02
141.92,0.833,0.725,3.107,305,349,19.71
141.97,0.815,0.726,3.069,307,352,-43.10
142.02,0.793,0.728,3.050,310,355,-21.41
142.07,0.769,0.730,3.036,313,359,-14.90
142.12,0.744,0.733,3.035,317,362,-3.27
142.17,0.716,0.736,3.028,321,366,-7.55
142.22,0.691,0.739,3.033,324,370,5.59
142.27,0.662,0.742,3.042,328,374,11.46
142.32,0.634,0.745,3.046,332,378,4.46
142.37,0.606,0.747,3.044,336,382,-1.98
142.42,0.577,0.750,3.032,340,386,-14.10
142.47,0.546,0.754,3.015,344,391,-19.01
142.52,0.521,0.757,3.013,347,395,-1.90
142.57,0.493,0.761,3.011,351,399,-1.66
142.62,0.471,0.764,3.009,354,402,-2.21
142.67,0.443,0.768,3.003,358,406,-7.07
142.72,0.419,0.771,2.995,362,409,-7.55
142.77,0.394,0.775,2.989,365,413,-6.55
142.82,0.366,0.779,2.991,369,417,1.90
142.87,0.338,0.784,2.990,373,421,-1.56
142.92,0.309,0.788,2.987,377,425,-2.69
142.97,0.281,0.792,2.986,381,429,-0.05
143.02,0.253,0.797,2.982,385,433,-5.46
143.07,0.225,0.801,2.991,389,437,8.74
143.12,0.197,0.805,2.991,392,442,-0.14
143.17,0.172,0.809,2.990,396,445,-1.72
143.22,0.144,0.813,2.990,400,449,0.52
143.27,0.116,0.818,2.993,404,453,3.39
143.32,0.084,0.823,2.991,408,458,-2.19
143.37,0.056,0.827,2.987,412,462,-3.90
143.88,0.056,0.827,2.988,415,473,0.13
143.93,0.060,0.826,3.042,416,475,61.76
143.98,0.067,0.826,3.126,418,479,95.86
144.03,0.070,0.826,3.211,420,482,98.34
144.08,0.074,0.827,3.306,422,485,109.71
144.13,0.088,0.830,3.404,423,490,112.26
144.18,0.098,0.833,3.497,424,494,105.84
144.23,0.105,0.836,3.579,425,497,93.12
144.28,0.114,0.840,3.657,425,500,89.15
144.33,0.123,0.846,3.734,425,503,87.57
144.38,0.132,0.852,3.793,425,506,68.48
144.43,0.140,0.859,3.853,425,509,67.97
144.48,0.148,0.866,3.916,425,512,71.61
144.53,0.153,0.871,3.974,425,514,67.39
144.58,0.162,0.882,4.029,425,518,62.42
144.63,0.166,0.888,4.096,425,520,75.82
144.68,0.174,0.900,4.174,425,524,90.80
144.73,0.179,0.909,4.243,425,527,79.67
144.78,0.184,0.919,4.309,425,530,76.02
144.83,0.188,0.929,4.372,425,533,72.51
144.88,0.191,0.939,4.446,425,536,83.55
144.93,0.194,0.953,4.529,425,540,94.00
144.98,0.196,0.963,4.601,425,543,84.20
145.48,0.196,0.963,4.603,425,544,0.00
145.53,0.195,0.953,4.624,426,546,24.39
145.58,0.193,0.935,4.593,427,550,-36.48
145.63,0.191,0.917,4.575,429,553,-20.31
145.68,0.187,0.893,4.567,432,557,-10.38
145.73,0.184,0.872,4.564,435,560,-3.12
145.78,0.180,0.843,4.565,439,564,2.22
145.83,0.176,0.815,4.567,443,568,2.27
145.88,0.171,0.787,4.568,447,572,3.10
145.93,0.167,0.755,4.563,451,577,-5.51
145.98,0.162,0.727,4.559,455,581,-3.10
146.03,0.158,0.699,4.554,459,585,-7.34
146.08,0.153,0.671,4.549,463,589,-6.10
146.13,0.149,0.646,4.531,466,593,-19.95
146.18,0.145,0.625,4.510,469,596,-23.22
146.23,0.140,0.601,4.503,472,600,-8.43
146.28,0.136,0.580,4.501,475,603,-3.63
146.33,0.130,0.556,4.503,479,606,2.10
146.38,0.125,0.531,4.498,482,610,-5.31
146.43,0.120,0.507,4.498,485,614,0.12
146.48,0.114,0.479,4.505,489,618,6.46
146.53,0.109,0.455,4.507,493,621,3.24
146.58,0.102,0.423,4.514,497,626,7.61
146.63,0.097,0.395,4.513,501,630,-0.15
146.68,0.091,0.368,4.507,505,634,-7.82
146.73,0.086,0.343,4.498,509,637,-9.48
146.78,0.080,0.319,4.494,512,641,-5.23
146.83,0.076,0.298,4.495,515,644,1.26
146.88,0.070,0.270,4.493,519,648,-0.99
146.93,0.063,0.242,4.493,523,652,-1.61
146.98,0.057,0.215,4.496,527,656,3.69
147.49,0.057,0.215,4.497,1526,667,-0.05
147.54,0.058,0.218,4.551,1528,670,61.77
147.59,0.059,0.225,4.647,1530,674,110.70
147.64,0.059,0.225,4.756,1533,677,125.77
147.69,0.058,0.232,4.866,1535,681,125.96
147.74,0.057,0.239,4.980,1536,684,131.45
147.79,0.053,0.249,5.085,1537,688,119.63
147.84,0.050,0.256,5.179,1539,692,107.36
147.89,0.045,0.265,5.271,1539,695,104.21
147.94,0.043,0.268,5.354,1541,698,95.04
147.99,0.036,0.276,5.428,1541,701,86.03
148.04,0.032,0.282,5.485,1542,704,65.82
148.09,0.024,0.289,5.542,1542,707,65.22
148.14,0.016,0.296,5.599,1542,710,65.45
148.19,0.010,0.300,5.651,1542,712,59.66
148.24,0.001,0.306,5.701,1542,715,57.32
148.29,-0.008,0.312,5.767,1542,718,75.46
148.34,-0.017,0.317,5.831,1542,721,73.68
148.39,-0.027,0.321,5.889,1542,724,66.89
148.44,-0.037,0.325,5.939,1542,727,58.14
148.49,-0.047,0.329,6.007,1542,730,76.94
148.54,-0.054,0.330,6.065,1542,732,66.36
148.59,-0.064,0.332,6.114,1542,735,56.76
149.09,-0.064,0.332,6.116,1548,736,0.09